day_of_week,avg_ride_length
1,26.982435958651863
7,25.450256624344597
6,19.929270447831779
2,19.736752979099816
5,18.138163266347654
4,17.520438809869137
3,17.076010124976015