member_casual,avg_ride_length
casual,31.159775241024814
member,12.944004766159342